IP Address,Login Source,Login Date & Time
73.140.236.46,Web,"Aug 29, 2019, 11:22:06 PM"
73.140.236.46,Mobile,"Apr 27, 2020, 10:40:22 PM"
73.140.236.46,Web,"May 4, 2020, 9:05:09 PM"
107.77.205.43,Web,"May 9, 2020, 5:08:33 PM"
73.140.236.46,Web,"May 12, 2020, 5:46:01 PM"
73.140.236.46,Web,"May 15, 2020, 2:53:53 PM"
73.140.236.46,Mobile,"May 15, 2020, 6:15:19 PM"
73.140.236.46,Web,"May 16, 2020, 9:47:51 PM"
73.140.236.46,Web,"May 17, 2020, 7:03:53 PM"
73.140.236.46,Web,"May 17, 2020, 7:04:11 PM"
73.140.236.46,Web,"May 18, 2020, 7:12:18 PM"
73.140.236.46,Web,"May 18, 2020, 10:17:55 PM"
73.140.236.46,Web,"May 22, 2020, 6:27:20 PM"
73.140.236.46,Mobile,"May 23, 2020, 1:31:11 AM"
73.140.236.46,Web,"May 23, 2020, 2:21:43 PM"
107.77.205.37,Web,"May 24, 2020, 10:18:02 PM"
73.140.236.46,Web,"May 30, 2020, 3:20:49 PM"
73.140.236.46,Web,"Jun 1, 2020, 7:18:35 PM"
73.140.236.46,Web,"Jun 3, 2020, 10:18:58 PM"
73.140.236.46,Web,"Jun 8, 2020, 5:49:04 PM"
73.140.236.46,Web,"Jun 14, 2020, 11:18:24 PM"
73.140.236.46,Web,"Jun 16, 2020, 1:35:18 PM"
73.140.236.46,Web,"Jun 21, 2020, 3:08:26 PM"
73.140.236.46,Web,"Jun 30, 2020, 12:38:08 AM"
73.140.236.46,Web,"Jul 8, 2020, 9:12:52 PM"
73.140.236.46,Web,"Jul 9, 2020, 3:39:30 AM"
73.140.236.46,Web,"Jul 9, 2020, 3:39:32 AM"
73.140.236.46,Web,"Jul 9, 2020, 3:39:33 AM"
73.140.236.46,Web,"Jul 9, 2020, 3:39:35 AM"
73.140.236.46,Web,"Jul 10, 2020, 3:48:33 AM"
73.140.236.46,Web,"Jul 28, 2020, 12:04:27 AM"
73.140.236.46,Web,"Jul 28, 2020, 5:40:46 PM"
73.140.236.46,Web,"Jul 29, 2020, 6:55:11 PM"
73.140.236.46,Web,"Aug 12, 2020, 10:00:52 PM"
107.77.205.35,Web,"Aug 14, 2020, 12:36:30 AM"
